recordId,merchantId,merchantName,network,mainCategory,subCategory,mainCategoryCn,subCategoryCn,mainCategoryBsr,subcategoryBsr,asin
"rec27wXzrFpMdH","380612","Wyze","Levanta","Surveillance DVR Kits","Surveillance DVR Kits","电子","智能家居设备","1","1","B0FN78TY8F"
"rec27wXzrFpNjS","362285","Nuwave-US Top Seller","Levanta","Kitchen & Dining","Toaster Ovens","家居","厨房电器","15693","25","B0CJMV9RZK"
"rec27wXzrFpTsh","362632","iDOO","Levanta","Home & Kitchen","Air Mattresses","家居","园艺用品","","2",""
"rec27wXzrFpV30","381881","BB Company","Wayward","Health & Household","Dietary Supplements","健康家居","膳食补充剂","","",""
"rec27wXzrFpVQW","383566","Petorldog","Wayward","Pet Supplies","Dog Supplies","宠物用品","狗狗用品","","",""
"rec27wXzrFpXKU","385442","Rhino USA, Inc.","Levanta","Automotive","Towing Products","汽车用品","拖车与牵引用品","","",""
"rec27wXzrFq1Jk","380639","Bedsure","Levanta","Home & Kitchen","Bedding & Pet Supplies","家居","床上用品 / 宠物用品","","",""
"rec27wXzrFpLRy","363072","SIHOO","Levanta","Home & Kitchen","Home Office Desk Chairs","家居","人体工学椅","8777","20","B07GNDDNMW"
"rec27wXzrFpSvC","380550","Apolosign","Levanta","Electronics","Portable TVs","电子","便携电视","3646","1","B0F2YD3VV5"
"rec27wXzrFpWZ4","362149","SteelSeries","Levanta","Electronics","Gaming Accessories","电子","游戏外设","","","B0F11G7G48"
"rec27wXzrFpOCc","363250","Plank+Beam","Levanta","Home & Kitchen","Furniture","家居","家具","","","B0CTB1259J"
"rec27wXzrFpLAU","380813","MERACHFITNESS","Levanta","Sports & Outdoors","Exercise Bikes","运动户外","健身器材","12345","42","B0C1X9L9VZ"
"rec27wXzrFpLMn","363249","BettaOfficial","Levanta","Patio, Lawn & Garden","Robotic Pool Cleaners","智能家居/户外设备","泳池清洁类3C机电产品","","3",""
"rec27wXzrFpPUZ","363152","Valerion","Levanta","Electronics","Video Projectors","电子","家庭影院投影","","159",""
"rec27wXzrFpRdX","362371","Audien Hearing","Levanta","Health & Household","Hearing Aids","健康家居","耳机","4703","1","B0FRH8KR29"
"rec27wXzrFpYm4","362568","Spytec GPS","Levanta","Automotive","GPS Trackers","汽车用品","GPS 定位器","","",""
"rec27wXzrFpLdD","380642","Skin Research Institute","Levanta","Beauty & Personal Care","Hair Dryers","个护美妆","美发电器","26712","89","B0FTTFKTMZ"
"rec27wXzrFpSWh","384570","Strider","Levanta","Toys & Games","Kids' Balance Bikes","母婴/玩具","儿童骑行","2676","9",""
"rec27wXzrFpTcr","369258","CAPSTAR","Levanta","Pet Supplies","Dog Stain Removers","宠物用品","宠物驱虫","31","1","B00CKFL93K"
"rec27wXzrFpKgP","369227","True Classic","Levanta","Clothing, Shoes & Jewelry","Men's Novelty T-Shirts","服饰","男装","106","1","B0BJZ8WJ86"
"rec27wXzrFpMSp","363471","SteelSeries","Levanta","Electronics","Computer Headsets","电子","游戏外设","","3","B0F11G7G48"
"rec27wXzrFpPuE","381969","Bonafide","Wayward","Health & Household","Vaginal Moisturizers","健康家居","女性健康/更年期/私密护理","","6",""
"rec27wXzrFpVdZ","381857","Babysense","Wayward","Baby","Baby Monitors","母婴","婴儿监视器","","",""
"rec27wXzrFq24k","362867","LifeSeasons, Inc","Levanta","Health & Household","Health & Household","健康家居","草本补剂","19650","19650","B07K3F2Z9P"
"rec27wXzrFpRK6","381366","WaterBoy","Levanta","Health & Household","Sports Nutrition Electrolyte Replacement Drinks","健康家居","电解质补充饮料","1702","27","B0FKKBRSWC"
"rec27wXzrFpQwN","363228","REDTIGER","Levanta","Electronics","Car On-Dash Mounted Cameras","汽车用品","行车记录仪","229","2","B098WVKF19"
"rec27wXzrFpY6e","369263","Aiper DE","Levanta","Patio, Lawn & Garden","Robotic Pool Cleaners","庭院 / 草坪 / 花园","泳池清洁机器人","","",""
"rec27wXzrFpYRz","380814","Bits And Pieces USA","Levanta","Toys & Games","Learning & Education Toys","玩具","益智玩具","","",""
"rec27wXzrFpPpu","380767","Typhur US","Levanta","Kitchen & Dining","Air Fryers","家居","智能厨房电器","6269","39","B0CKP6Y6KB"
"rec27wXzrFpNzS","362934","Britax","Levanta","Baby","Child Safety Booster Car Seats","母婴","儿童出行安全","","11",""
"rec27wXzrFpPeE","383441","Ogee","Wayward","Beauty & Personal Care","Face Highlighters & Luminizers","个护美妆","洁净有机美妆/护肤","1698","3",""
"rec27wXzrFpRZW","380864","Project Cloud","Levanta","Home & Kitchen","Women's Flat Sandals","家居","香薰","","7",""
"rec27wXzrFpSfM","363296","Ulike","Levanta","Beauty & Personal Care","Light Hair Removal Devices","个护美妆","家用脱毛美容仪","3157","2",""
"rec27wXzrFpThB","363129","BCAN","Levanta","Sports & Outdoors","Fitness Trampolines","运动户外","健身配件","710","1","B0BPSQ4XNN"
"rec27wXzrFpX4o","369389","Race&Herd","Archer","Pet Supplies","Dog Toys","宠物用品","狗狗玩具","","",""
"rec27wXzrFpXFz","380756","Babysense DE","Levanta","Baby","Baby Monitors","母婴","婴儿监视器","","",""
"rec27wXzrFpNp3","362805","TP-Link | Tapo","Levanta","Electronics","Computer Routers","电子","智能家居 / 网络设备","","1","B0CN8QLS4K"
"rec27wXzrFpSl7","382170","Coterie","Wayward","Baby","Diapers & Wipes","母婴","尿布与湿巾","","",""
"rec27wXzrFpTxB","363257","Olight® Direct","Levanta","Tools & Home Improvement","Handheld Flashlights","工具与家装","手电筒","","",""
"rec27wXzrFpZi4","380938","Brondell","Levanta","Tools & Home Improvement","Bathroom Fixtures","工具与家装","卫浴洁具","","",""
"rec27wXzrFq1yF","362343","Lefant","Levanta","Home & Kitchen","Robotic Vacuums","家居","扫地机器人","","",""
"rec27wXzrFpKGP","369290","Our Place","Levanta","Kitchen & Dining","Toaster Ovens","家居","厨具餐具/小家电","321","1","B0CLTKGWQX"
"rec27wXzrFpM8m","382289","DREAME","Wayward","Home & Kitchen","Robotic Vacuums","智能家居/户外设备","清洁电器","","7",""
"rec27wXzrFpNPy","363300","Fellow Industries Inc.","Levanta","Home & Kitchen","Burr Coffee Grinders","家居","咖啡器具/厨房小电","","17",""
"rec27wXzrFpOg3","362559","iGarden","Levanta","Patio, Lawn & Garden","Pool & Spa","庭院 / 草坪 / 花园","泳池与水疗用品","","",""
"rec27wXzrFpTCM","362674","Novilla","Levanta","Home & Kitchen","Mattresses","家居","床垫","585","5","B083YXZP19"
"rec27wXzrFpVEE","363327","Seed Health Inc","Levanta","Health & Household","Probiotics","健康家居","益生菌","","","B0CMJR4XGR"
"rec27wXzrFpWyz","362385","LAFCO","Levanta","Home & Kitchen","Candles","家居","蜡烛","","",""
"rec27wXzrFpKXj","383772","Roborock","Wayward","Home & Kitchen","Robotic Vacuums","家居","智能清洁电器","","3",""
"rec27wXzrFpOYu","378620","JasionBike","Levanta","Sports & Outdoors","Adult Electric Bicycles","运动户外","电动自行车","","6","B0FXGTNPL7"
"rec27wXzrFpQ68","363503","Luna Bean","Levanta","Arts, Crafts & Sewing","Sculpture Molding & Casting Products","手工","DIY 纪念产品","105","1","B01E4LWBLQ"
"rec27wXzrFpQSi","364290","CATLINK","Archer","Pet Supplies","Self-Cleaning Cat Litter Boxes","宠物用品","智能猫用品","","14",""
"rec27wXzrFpSar","363508","Wellah","Levanta","Beauty & Personal Care","Creatine Nutritional Supplements","个护美妆","护发用品","","20",""
"rec27wXzrFpSLC","380545","PurSteam","Levanta","Home & Kitchen","Irons","家居","清洁工具","","7","B077S6KQ88"
"rec27wXzrFpVL7","363153","EGOHOME by MLILY","Levanta","Home & Kitchen","Mattresses","家居","床垫","","",""
"rec27wXzrFpXVp","380713","Audioengine LLC","Levanta","Electronics","Home Audio","电子","家庭音频","","",""
"rec27wXzrFpLos","363260","Max & Lily Kid's Furniture","Levanta","Home & Kitchen","Kids' Bed Frames & Headboards","家居","儿童家具","1305701","6","B08KTPFXGJ"
"rec27wXzrFpOle","368938","iRestore","Archer","Beauty & Personal Care","Hair Regrowth Devices","个护美妆","生发护理","","5",""
"rec27wXzrFpOMH","362448","Midland Radio","Levanta","Electronics","Weather Radios","电子","通讯设备","","2",""
"rec27wXzrFpP3P","380770","Babysense","Levanta","Baby","Baby Monitors","母婴","婴儿监视器","","",""
"rec27wXzrFpPF9","362911","PLAUD AI","Levanta","Electronics","Digital Voice Recorders","电子","智能音频","1501","10",""
"rec27wXzrFpYwz","363040","Sunco Lighting","Levanta","Tools & Home Improvement","Lighting","工具与家装","照明","","",""
"rec27wXzrFq0wl","384440","wirsh","Wayward","Home & Kitchen","Coffee Machines","家居","咖啡机","","",""
"rec27wXzrFq0Ml","384980","WYBOT","Levanta","Patio, Lawn & Garden","Robotic Pool Cleaners","庭院 / 草坪 / 花园","泳池清洁机器人","","",""
"rec27wXzrFpLWT","380558","hOmeLabs","Levanta","Home & Kitchen","Dehumidifiers","家居","家用电器","8102","16","B0D1HMXQTB"
"rec27wXzrFpU3h","362142","oneisall","Levanta","Pet Supplies","Dog Grooming Clippers","宠物用品","宠物美容工具","420","1","B01HRSZRXM"
"rec27wXzrFpYbp","369276","Queen of Thrones","Levanta","Health & Household","Herbal Care","健康家居","草本护理","","","B085RD1SZ8"
"rec27wXzrFq1oa","362543","3W","Levanta","Automotive","Floor Mats","汽车用品","汽车脚垫","","",""
"rec27wXzrFpOrc","363396","Designs for Health","Levanta","Health & Household","Charcoal Nutritional Supplements","健康家居","专业膳食补剂","21830","38","B00T2V4X6C"
"rec27wXzrFpT76","385514","QUINEAR","Levanta","Health & Household","Electric Foot Massagers","健康家居","按摩理疗/运动恢复","","27",""
"rec27wXzrFpURH","362146","ETENWOLF","Levanta","Sports & Outdoors","Camping Lanterns","运动户外","户外装备","","98","B083R336VM"
"rec27wXzrFq05m","362602","Productech","Levanta","Electronics","Consumer Electronics & Accessories","电子","消费电子与配件","","",""
"rec27wXzrFq1iP","362493","DR Vitamin Solutions","Levanta","Health & Household","Vitamins & Dietary Supplements","健康家居","维生素与膳食补充剂","","",""
"rec27wXzrFpO0d","380546","PetLab Co","Levanta","Pet Supplies","Dog Itch Remedies","宠物用品","宠物保健品","330","3","B0C1HNMSGP"
"rec27wXzrFpOHm","362621","Sports Research & Sweet Sweat","Levanta","Health & Household","Vitamin D3 & K2 Combinations","健康家居","运动营养补剂","41","1","B07NXW4GW7"
"rec27wXzrFpWcA","363380","Ulike","Levanta","Beauty & Personal Care","Beauty Devices","个护美妆","美容仪","","","B0CV3ZJ2PN"
"rec27wXzrFpWto","362570","Spreetail","Levanta","Multi-category Retail","E-commerce Distribution","综合类目","电商分销","","",""
"rec27wXzrFpZsA","363439","Mammotion US","Levanta","Patio, Lawn & Garden","Robotic Lawn Mowers","庭院 / 草坪 / 花园","割草机器人","","",""
"rec27wXzrFq1tu","369298","ContourLiving","Levanta","Home & Kitchen","Furniture","家居","家具","","",""
"rec27wXzrFpKMu","381376","PowerStep","Levanta","Health & Household","Shoe Insoles","健康家居","足部护理","2048","5","B000KPKMU8"
"rec27wXzrFpKRZ","363463","Ulike","Levanta","Beauty & Personal Care","Light Hair Removal Devices","个护美妆","美容仪","3069","1","B0CV3ZJ2PN"
"rec27wXzrFpL2O","383951","SlumberPod","Wayward","Baby","Baby & Toddler Bed Canopies","母婴","婴幼儿旅行睡眠/遮光睡眠帐","1752","1",""
"rec27wXzrFpQ0O","362671","ELEMIS Skincare","Levanta","Beauty & Personal Care","Facial Cleansing Washes","个护美妆","高端护肤","3894","70","B08MJZYW8P"
"rec27wXzrFpUeg","363099","Sparthos","Levanta","Sports & Outdoors","Lumbar Supports","运动户外","护具","","1","B07YQV6WR8"
"rec27wXzrFpXQ4","385509","PURE HEALTH MAX","Levanta","Health & Household","Dietary Supplements","健康家居","膳食补充剂","","",""
"rec27wXzrFpZZS","362349","SUNUV","Levanta","Beauty & Personal Care","Nail Tools","个护美妆","美甲工具","","",""
"rec27wXzrFq0BQ","380534","MyHalos","Levanta","Beauty & Personal Care","Beauty Devices","个护美妆","美容仪","","",""
"rec27wXzrFpKue","362653","Shokz Official","Levanta","Electronics","Open-Ear Headphones","电子","耳机","193","4","B0DYCJSZLS"
"rec27wXzrFpPk9","382846","iRESTORE","Wayward","Beauty & Personal Care","Hair Regrowth Devices","个护美妆","生发护理/红光美容设备","","1",""
"rec27wXzrFpR37","384705","Blueair","Levanta","Home & Kitchen","HEPA Filter Air Purifiers","家居","空气净化/空气环境电器","","24",""
"rec27wXzrFpU8C","362153","ROKFORM, LLC","Levanta","Cell Phones & Accessories","Cell Phone Handlebar Mounts","手机配件","手机壳/车载及骑行手机支架","","33",""
"rec27wXzrFpWDT","362304","MIND BODHI","Levanta","Health & Household","Braces, Splints & Supports","健康家居","护具与支撑","","",""
"rec27wXzrFpWTJ","362807","YOSUDA","Levanta","Sports & Outdoors","Exercise Bikes","运动户外","健身器材","","12","B08XQZ7K8L"
"rec27wXzrFpZnp","362258","Bernie's Best","Levanta","Pet Supplies","Pet Food","宠物用品","宠物食品","","",""
"rec27wXzrFpZUd","380630","Uquora","Levanta","Beauty & Personal Care","Personal Care Tools","个护美妆","个护工具","","","B0DLBSVB4Q"
"rec27wXzrFpMjb","380945","Merach","Levanta","Sports & Outdoors","Rowing Machines","运动户外","健身器材","1919","1","B0B2P23DBS"
"rec27wXzrFpPPO","380662","Freebird","Levanta","Beauty & Personal Care","Men's Rotary Shavers","个护美妆","男士护理","924","2","B08KSRYGW4"
"rec27wXzrFpQbt","363501","Nutricost","Levanta","Health & Household","Creatine Nutritional Supplements","健康家居","膳食补剂","23","2","B098KLWZHN"
"rec27wXzrFpRtM","363253","Mellanni","Levanta","Home & Kitchen","Sheet & Pillowcase Sets","家居","床上用品","","6",""
"rec27wXzrFpV8l","380616","Afina","Levanta","Tools & Home Improvement","Showerhead Filters","家居","淋浴水过滤器","41","5","B0D1WHJ15F"
"rec27wXzrFpVoE","364622","DC HOUSE","Archer","Automotive","RV Power & Batteries","汽车用品","房车电源与电池","","",""
"rec27wXzrFq0Hb","362271","Balance of Nature","Levanta","Health & Household","Fruit & Vegetable Supplements","健康家居","果蔬营养补充剂","","",""
"rec27wXzrFpO5o","369185","Thermacell","Levanta","Sports & Outdoors","Mosquito Repellers","运动户外","户外驱蚊","","1","B07X3V8L9K"
"rec27wXzrFpPKu","380765","The Jel Sert Company","Levanta","Grocery & Gourmet Food","Popsicles & Juice Bars","食品","冷冻甜品原料","","1",""
"rec27wXzrFpX9z","380959","Chefman","Levanta","Home & Kitchen","Small Kitchen Appliances","家居","厨房小电器","","","B0DZ9VFWYN"
"rec27wXzrFpXko","363262","PROSPEK","Levanta","Health & Household","Eye Care","健康家居","眼部护理","","",""
"rec27wXzrFq1cQ","363098","Cliganic","Levanta","Beauty","Beauty","健康家居","有机护肤 / 补剂","10860","10860","B07N2K3L4M"
"rec27wXzrFq29F","363401","KAHI OFFICIAL","Levanta","Beauty & Personal Care","Skin Care","个护美妆","护肤","","","B0DDC3QGJL"
"rec27wXzrFpPzZ","362517","Ikarao","Levanta","Musical Instruments","Karaoke Portable Systems","乐器","便携式卡拉 OK 系统","469","2","B0CR1R7FKP"
"rec27wXzrFpT1r","363172","Formulation Factory","Levanta","Health & Household","Sports Nutrition Testosterone Boosters","健康家居","运动营养/功能补剂","","20",""
"rec27wXzrFpWJe","363038","Zesty Paws","Levanta","Pet Supplies","Dog Itch Remedies","宠物用品","宠物营养补剂","41","1","B07WW1WY1Z"
"rec27wXzrFq0aH","368764","ZAFRO","Archer","Appliances","Portable Air Conditioners","家用电器","便携空调","","",""
"rec27wXzrFq17w","384261","Typhur","Wayward","Home & Kitchen","Kitchen Appliances","家居","厨房电器","","",""
"rec27wXzrFq1Z0","365036","FIFINE","Archer","Musical Instruments","Microphones","乐器","麦克风","","",""
"rec27wXzrFq2ka","380936","East Oak","Levanta","Patio, Lawn & Garden","Patio Furniture","庭院 / 草坪 / 花园","户外家具","","","B0FG7D2LVF"
"rec27wXzrFpRzr","362469","ELLA BELLA","Levanta","Beauty & Personal Care","Hot-Air Hair Brushes","个护美妆","美妆工具","","23","B0D6LN1B1D"
"rec27wXzrFpLuB","363006","FlavCity","Levanta","Health & Household","Sports Nutrition Whey Protein Powders","食品","健康食品","1378","19","B0BPK32N5S"
"rec27wXzrFpNF3","363532","Livionex Dental Gel","Levanta","Health & Household","Toothpaste","个护美妆","口腔护理","544","18","B07PQYJBM3"
"rec27wXzrFpNUT","363108","HEYDUDE","Levanta","Clothing, Shoes & Jewelry","Men's Loafers & Slip-Ons","服饰","休闲鞋","738","2","B0CS31VW2V"
"rec27wXzrFpP9k","362292","PetSafe","Levanta","Pet Supplies","Dog Wireless Fences","宠物用品","宠物用品","1540","2","B0001ZWZ8O"
"rec27wXzrFpQCC","369207","Amazfit","Levanta","Electronics","Smartwatches","电子","智能手表","","28",""
"rec27wXzrFpRjh","369328","Clarifion","Levanta","Home & Kitchen","Home Air Ionizers","家居","空气净化配件","","3",""
"rec27wXzrFpXfe","362710","COZY HOMEWARE STORE","Levanta","Home & Kitchen","Home Textiles","家居","家纺","","",""
"rec27wXzrFpTSM","384651","BugMD","Levanta","Home & Kitchen","Wearable Insect & Pest Repellents","家居","害虫防治/驱虫用品","","2",""
"rec27wXzrFpNKo","381628","Honeylove Sculptwear","Levanta","Clothing, Shoes & Jewelry","Shapewear","服装鞋靴珠宝","塑身衣","","",""
"rec27wXzrFpQlY","362737","Aeocky Direct","Levanta","Home & Kitchen","Dehumidifiers","电子","数码配件","1497","5","B0D1C6HWFF"
"rec27wXzrFpWhV","362847","Innova","Levanta","Sports & Outdoors","Disc Golf","运动户外","飞盘高尔夫","","",""
"rec27wXzrFpXv4","362152","Wolf Tactical USA","Levanta","Sports & Outdoors","Tactical Backpacks","运动户外","战术装备","","156","B07X3V8L9K"
"rec27wXzrFpZcK","363370","PrettyLitter","Levanta","Pet Supplies","Cat Litter","宠物用品","猫砂","158","14","B0DWDGWDFY"
"rec27wXzrFpTXW","381624","PETRA TOOLS","Levanta","Patio, Lawn & Garden","Lawn & Garden Sprayers","花园户外","园艺喷雾器/草坪护理工具","","2",""
"rec27wXzrFpOaI","380798","Pandora","Levanta","Jewelry","Women's Snake Charm Bracelets","珠宝","女士饰品","","1",""
"rec27wXzrFpQgD","363209","BOB Gear","Levanta","Baby","Jogger Baby Strollers","母婴","婴儿推车/户外慢跑推车","","3",""
"rec27wXzrFpYMp","368498","Vivtone","Archer","Health & Household","Hearing Aids","健康家居","助听器","","",""
"rec27wXzrFpLiY","362342","Nulastin","Levanta","Beauty & Personal Care","Eye Treatment Serums","个护美妆","睫毛 / 眉毛 / 头皮护理","7305","18","B081LNKMZ2"
"rec27wXzrFpQrt","369345","Bloom","Levanta","Health & Household","Spirulina Herbal Supplements","个护美妆","护肤","819","2",""
"rec27wXzrFpRPh","362947","BOB AND BRAD US","Levanta","Health & Household","Massage Tools & Equipment","健康家居","按摩器材","","",""
"rec27wXzrFpSQW","363199","RENPHO Wellness","Levanta","Health & Household","Digital Bathroom Scales","健康家居","健康监测设备","","2",""
"rec27wXzrFpUGH","363529","Luseta Beauty","Levanta","Beauty & Personal Care","Shampoo & Conditioner Sets","个护美妆","护发用品","","15",""
"rec27wXzrFpWng","369196","Rocco & Roxie Supply Co.","Levanta","Pet Supplies","Dog Odor Removers","宠物用品","宠物清洁","32","1","B00CKFL93K"
"rec27wXzrFq0gb","384684","Hustle Butter Deluxe","Levanta","Beauty & Personal Care","Tattoo Aftercare","个护美妆","纹身护理","","",""
"rec27wXzrFpOwH","380741","Wahl Clipper Corporation","Levanta","Beauty & Personal Care","Dog Grooming Clipper Replacement Blades","个护美妆","理发工具","6097","1","B00UK8WFQO"
"rec27wXzrFpSGh","363057","grace & stella","Levanta","Beauty & Personal Care","Facial Masks","个护美妆","面膜","","","B0FJSNWNLW"
"rec27wXzrFpUM2","380787","Peach & Lily","Levanta","Beauty & Personal Care","Skin Care Sets & Kits","个护美妆","韩妆","","18",""
"rec27wXzrFpYgJ","382417","EyeVac","Wayward","Home & Kitchen","Vacuums & Floor Care","家居","吸尘器与地板护理","","",""
"rec27wXzrFq2pv","384586","Best Choice Products","Levanta","Home & Kitchen","Furniture & Home Products","家居","家具与家居用品","","",""
"rec27wXzrFpSAW","380843","CHEF iQ","Levanta","Home & Kitchen","Meat Thermometers & Timers","家居","智能厨房设备","","4","B0DZFD6R9Z"
"rec27wXzrFpMow","381054","Solawave","Levanta","Beauty & Personal Care","Acne Clearing Devices","个护美妆","面部美容仪","68038","3","B0DSPHZQ3K"
"rec27wXzrFpMYo","363457","Nomatic","Levanta","Laptop Backpacks","Laptop Backpacks","箱包","旅行包","244","244","B07782GG5T"
"rec27wXzrFpQHN","369405","Timekettle","Archer","Office Products","Electronic Foreign Language Translators","电子","AI翻译/办公出行","12616","18",""
"rec27wXzrFpR8C","380760","Momcozy Store 1","Levanta","Baby","Baby Bottle Sterilizers","母婴","母婴用品","8","1","B0DF1FDKR4"
"rec27wXzrFpREM","363486","PuroAir","Levanta","Home & Kitchen","HEPA Filter Air Purifiers","家居","空气净化器","447","5","B0998FWTHP"
"rec27wXzrFpTmW","362158","Winix","Levanta","Home & Kitchen","HEPA Filter Air Purifiers","家居","空气净化器","454","5","B0DJG1731C"
"rec27wXzrFpVtZ","363433","ColourPop Cosmetics","Levanta","Beauty & Personal Care","Makeup","个护美妆","彩妆","","",""
"rec27wXzrFpL89","362354","Aiper US","Levanta","Patio, Lawn & Garden","Robotic Pool Cleaners","庭院 / 草坪 / 花园","泳池清洁设备","1107","6","B0FJ818NNZ"
"rec27wXzrFpM2n","362738","WOLFBOX","Levanta","Electronics","Car In-Mirror Mounted Video Players","汽车用品","行车记录仪","3123","4","B0DY1GM6DR"
"rec27wXzrFpOS1","362447","Beauty by Earth","Levanta","Beauty & Personal Care","Body Self-Tanners","个护美妆","护肤","190","1","B00L2PB3BW"
"rec27wXzrFpUAT","362876","Yeedi","Levanta","Home & Kitchen","Commercial Indoor Robotic Vacuums","家居","扫地机器人","","49",""
"rec27wXzrFpVzk","380911","The California Beach Co.","Levanta","Sports & Outdoors","Beach Tents","运动户外","沙滩用品","","67","B07S37G1Q1"
"rec27wXzrFq12l","363445","Evolution Outdoor","Levanta","Sports & Outdoors","Hunting & Shooting Gear","运动户外","狩猎与射击用品","","",""
"rec27wXzrFq1E0","367099","Pete's Pasta","Archer","Grocery & Gourmet Food","Pasta","食品","意面","","",""
"rec27wXzrFpLGT","363388","KontrolFreek","Levanta","Video Games","PlayStation 4 Accessories","电子","游戏配件","29","1","B08TRMS8PS"
"rec27wXzrFpXAo","362751","California Design Den","Levanta","Home & Kitchen","Bedding","家居","床上用品","","",""
"rec27wXzrFpYH4","362938","RENPHO Group","Levanta","Health & Household","Health Monitors & Massage Equipment","健康家居","健康监测 / 按摩设备","","",""
"rec27wXzrFpZ7z","380928","DS18","Levanta","Automotive","Car Audio","汽车用品","汽车音响","","","B0B6QG9XDZ"
"rec27wXzrFq1Ov","364813","Dupray","Archer","Home & Kitchen","Steam Cleaners","家居","蒸汽清洁机","","",""
"rec27wXzrFpRUC","385513","Azuna Fresh","Levanta","Home & Kitchen","Commercial Air Fresheners","家居","空气清新/除味","","4",""
"rec27wXzrFq0lw","380894","Nixplay USA","Levanta","Electronics","Digital Picture Frames","电子","数码相框","","",""
"rec27wXzrFq0X1","384796","Nuxe","Levanta","Beauty & Personal Care","Skin Care","个护美妆","护肤","","",""
"rec27wXzrFpNeI","385281","Anua","Levanta","Beauty & Personal Care","Facial Skin Care","个护美妆","面部护肤","","",""
"rec27wXzrFpUXl","384005","Sports Research","Wayward","Health & Household","Vitamins & Dietary Supplements","健康家居","维生素与膳食补充剂","","",""
"rec27wXzrFpXpJ","362910","TRIPPED Travel Gear","Levanta","Home & Kitchen","Packing Organizers","运动户外","旅行用品","","89","B08732WW8Z"
"rec27wXzrFpYre","362137","Lifepro","Levanta","Health & Household","Exercise & Fitness Equipment","健康家居","健身器材","","",""
"rec27wXzrFpZOe","383506","PAISEEC","Wayward","Health & Household","Mobility Scooters & Wheelchairs","健康家居","行动辅助设备","","",""
"rec27wXzrFpTI6","362770","FLYBIRD","Levanta","Sports & Outdoors","Exercise & Fitness Equipment","运动户外","健身器械","","","B0F89VV2G4"
"rec27wXzrFpSqr","380681","Lebanta Haircare","Levanta","Beauty & Personal Care","Scalp Treatments","个护美妆","护发用品","","2",""
"rec27wXzrFpVjk","362247","Physician's Choice","Levanta","Health & Household","Probiotics & Personal Care","健康家居","益生菌 / 个护","","",""
"rec27wXzrFpZxU","362838","Big Horn Outdoors®","Levanta","Patio, Lawn & Garden","Grills & Outdoor Cooking","庭院 / 草坪 / 花园","烧烤炉与户外烹饪","","",""
"rec27wXzrFq1TP","362287","Beekeeper's Naturals","Levanta","Health & Household","Bee Propolis Supplements","健康家居","蜂产品补充剂","","",""
"rec27wXzrFpMuE","382157","Coop Home Goods","Wayward","Home & Kitchen","Bed Pillows","家居","睡眠寝具","","8",""
"rec27wXzrFpS5h","367394","Rev-A-Shelf","Archer","Home & Kitchen","Pull-Out Home Organizers","家居","厨房橱柜收纳/五金","","68",""
"rec27wXzrFpW1B","365296","Gaffer Power","Archer","Tools & Home Improvement","Adhesive Tapes","工具与家装","胶带","","",""
"rec27wXzrFpW7g","380717","Advanced Bionutritionals","Levanta","Health & Household","Health & Household","健康家居","草本补剂","27910","27910","B07P8Q3R4S"
"rec27wXzrFpWOp","362311","Lumineux","Levanta","Beauty & Personal Care","Oral Care","个护美妆","口腔护理","","",""
"rec27wXzrFq0r1","363654","ARCCAPTAIN","Archer","Tools & Home Improvement","Welding Equipment","工具与家装","焊接设备","","",""
"rec27wXzrFpN43","369334","Squatty Potty","Levanta","Health & Household","Toilet Assistance Steps","家居","卫浴周边","1877","1","B00HSR1B9W"
"rec27wXzrFpNuy","362233","O Positiv","Levanta","Health & Household","Women’s Health","健康家居","女性健康补剂","15920","1","B08C4TJX7F"
"rec27wXzrFpQN7","363298","MaryRuth Organics","Levanta","Health & Household","Children's Vitamins","健康家居","素食补剂","14290","6","B08G7H2J3K"
"rec27wXzrFpRoC","381371","Liforme","Levanta","Sports & Outdoors","Yoga Mats","运动户外","瑜伽用品","","54",""
"rec27wXzrFpTNr","380625","Root Labs","Levanta","Health & Household","Shilajit","健康家居","健康补剂","23480","1","B07P2Q3R4S"
"rec27wXzrFpYBJ","387982","WINPRO PERFORMANCE PRODUCTS","Levanta","Pet Supplies","Dog Supplements","宠物用品","狗狗营养补充剂","","",""
"rec27wXzrFpYWU","362573","Craft Resin","Levanta","Arts, Crafts & Sewing","Craft Supplies","手工","手工材料","","",""
"rec27wXzrFpZ2f","362625","BabbleRoo","Levanta","Baby","Baby Products","母婴","婴儿用品","","",""
"rec27wXzrFpN9n","381027","Embark Vet","Levanta","Pet Supplies","Dog DNA Tests","宠物用品","狗狗 DNA 检测","975","1","B07HHF1VLH"
"rec27wXzrFpQXN","368315","ULTRALOQ","Archer","Tools & Home Improvement","Door Locks","工具与家装","门锁","","",""
"rec27wXzrFpVWg","362350","ROVE","Levanta","Automotive","Car Electronics","汽车用品","车载设备","","","B0D6J5B98H"
"rec27wXzrFpY13","362489","Haggar Clothing","Levanta","Clothing, Shoes & Jewelry","Men's Dress Pants","服饰","男装","697","2","B00WW72KFC"
"rec27wXzrFq0RG","381470","PÜR Minerals","Levanta","Beauty & Personal Care","Mineral Makeup","个护美妆","矿物彩妆","","",""
"rec27wXzrFq2eQ","362477","RingConn Official Store","Levanta","Electronics","Smart Rings","电子","智能健康设备","313","3","B0DG2SJJ7Q"
"rec27wXzrFq2uG","369209","Snap Supplements","Levanta","Health & Household","Health & Household","健康家居","运动营养补剂","13270","13270","B08L7M3N2O"
"rec27wXzrFpKAR","380795","Momcozy Store2","Levanta","Baby","Electric Breast Pumps","母婴","母婴智能护理","267","1","B0CWLHKQNT"